<replicated-cache name="respCache2" mode="ASYNC" statistics="true">
    <encoding>
       <key media-type="application/x-protostream"/>
       <value media-type="application/x-protostream"/>
    </encoding>
    <memory storage="OFF_HEAP" max-size="60GB" when-full="REMOVE"/>
    <persistence>
     <file-store shared="false" open-files-limit="10000">
            <data max-file-size="167772160"/>   
       </file-store>
    </persistence>
    <indexing enabled="true" storage="filesystem" startup-mode="AUTO">
        <indexed-entities>
            <indexed-entity>domain.Person</indexed-entity>
        </indexed-entities>
    </indexing>
 </replicated-cache>