<infinispan
      xmlns:xsi="http://www.w3.org/2001/XMLSchema-instance"
      xsi:schemaLocation="urn:infinispan:config:14.0 https://infinispan.org/schemas/infinispan-config-14.0.xsd
                            urn:infinispan:server:14.0 https://infinispan.org/schemas/infinispan-server-14.0.xsd
                            urn:org:jgroups http://www.jgroups.org/schema/jgroups-5.2.xsd"
      xmlns="urn:infinispan:config:14.0"
      xmlns:ispn="urn:infinispan:config:14.0"
      xmlns:server="urn:infinispan:server:14.0">

   <jgroups>
      <!--
      This configuration demonstrates cross-site replication on a single host and uses IP multicast for discovery.

      To use this configuration, do the following:
      
      * Copy the server/ directory to server2/.
      * Open a terminal and run: ./bin/server.sh -c infinispan-xsite.xml
      * Open another terminal and run: ./bin/server.sh -c infinispan-xsite.xml -s server2 -Dinfinispan.site.name=site2 -o 100 -Djgroups.mcast_port=46656
      * Check server logs for the following message: "[org.infinispan.XSITE] ISPN000439: Received new x-site view: [site1, site2]"
      -->
      <stack name="bridge" extends="tcp">
         <MPING mcast_port="${jgroups.bridge.mcast_port:47655}"
                ispn:stack.combine="COMBINE"
                xmlns="urn:org:jgroups"
         />
      </stack>
      <stack name="xsite" extends="udp">
         <relay.RELAY2 site="${infinispan.site.name:site1}"
                       xmlns="urn:org:jgroups"/>
         <remote-sites default-stack="bridge">
            <remote-site name="${infinispan.site.name:site1}"/>
         </remote-sites>
      </stack>
   </jgroups>

   <cache-container name="default" statistics="true">
      <transport cluster="${infinispan.cluster.name:cluster}" stack="xsite"/>
      <security>
         <authorization/>
      </security>
   </cache-container>

   <server xmlns="urn:infinispan:server:14.0">
      <interfaces>
         <interface name="public">
            <inet-address value="${infinispan.bind.address:127.0.0.1}"/>
         </interface>
      </interfaces>

      <socket-bindings default-interface="public" port-offset="${infinispan.socket.binding.port-offset:0}">
         <socket-binding name="default" port="${infinispan.bind.port:11222}"/>
         <socket-binding name="memcached" port="11221"/>
      </socket-bindings>

      <security>
         <security-realms>
            <security-realm name="default">
               <!-- Uncomment to enable TLS on the realm -->
               <!-- server-identities>
                  <ssl>
                     <keystore path="application.keystore"
                               password="password" alias="server"
                               generate-self-signed-certificate-host="localhost"/>
                  </ssl>
               </server-identities-->
               <properties-realm groups-attribute="Roles">
                  <user-properties path="users.properties"/>
                  <group-properties path="groups.properties"/>
               </properties-realm>
            </security-realm>
         </security-realms>
      </security>

      <endpoints socket-binding="default" security-realm="default"/>
   </server>
</infinispan>
